{
  "status": "OK",
  "copyright": "Copyright (c) 2020 The New York Times Company. All Rights Reserved.",
  "section": "Fashion",
  "last_updated": "2020-10-02T10:12:58-04:00",
  "num_results": 9,
  "results": [
    {
      "section": "style",
      "subsection": "",
      "title": "The Very Right-Now Allure of Going to Extremes",
      "abstract": "Rick Owens and Loewe embrace the surreality of the moment, and it looks great. Dries Van Noten clears the air.",
      "url": "https://www.nytimes.com/2020/10/02/style/paris-fashion-week-rick-owens-loewe-dries-van-noten.html",
      "uri": "nyt://article/d1423203-ee4c-5180-9cdf-85e6c60630c4",
      "byline": "By Vanessa Friedman",
      "item_type": "Article",
      "updated_date": "2020-10-02T12:55:53-04:00",
      "created_date": "2020-10-02T09:36:42-04:00",
      "published_date": "2020-10-02T09:36:42-04:00",
      "material_type_facet": "",
      "kicker": "Fashion Review",
      "des_facet": [
        "Fashion and Apparel",
        "Paris Fashion Week",
        "your-feed-fashion"
      ],
      "org_facet": [
        "Balmain",
        "Chloe (Fashion Label)",
        "Loewe SA",
        "Y/Project (Fashion Label)"
      ],
      "per_facet": [
        "Anderson, Jonathan William (1984- )",
        "Owens, Rick",
        "Rousteing, Olivier",
        "van Noten, Dries"
      ],
      "geo_facet": [],
      "multimedia": [
        {
          "url": "https://static01.nyt.com/images/2020/10/04/fashion/02PFW-LOEWE-owens-1/02PFW-LOEWE-owens-1-superJumbo.jpg",
          "format": "superJumbo",
          "height": 1365,
          "width": 2048,
          "type": "image",
          "subtype": "photo",
          "caption": "Rick Owens, spring 2021",
          "copyright": "Valerio Mezzanotti for The New York Times"
        },
        {
          "url": "https://static01.nyt.com/images/2020/10/04/fashion/02PFW-LOEWE-owens-1/02PFW-LOEWE-owens-1-thumbStandard.jpg",
          "format": "Standard Thumbnail",
          "height": 75,
          "width": 75,
          "type": "image",
          "subtype": "photo",
          "caption": "Rick Owens, spring 2021",
          "copyright": "Valerio Mezzanotti for The New York Times"
        },
        {
          "url": "https://static01.nyt.com/images/2020/10/04/fashion/02PFW-LOEWE-owens-1/02PFW-LOEWE-owens-1-thumbLarge.jpg",
          "format": "thumbLarge",
          "height": 150,
          "width": 150,
          "type": "image",
          "subtype": "photo",
          "caption": "Rick Owens, spring 2021",
          "copyright": "Valerio Mezzanotti for The New York Times"
        },
        {
          "url": "https://static01.nyt.com/images/2020/10/04/fashion/02PFW-LOEWE-owens-1/02PFW-LOEWE-owens-1-mediumThreeByTwo210.jpg",
          "format": "mediumThreeByTwo210",
          "height": 140,
          "width": 210,
          "type": "image",
          "subtype": "photo",
          "caption": "Rick Owens, spring 2021",
          "copyright": "Valerio Mezzanotti for The New York Times"
        },
        {
          "url": "https://static01.nyt.com/images/2020/10/04/fashion/02PFW-LOEWE-owens-1/02PFW-LOEWE-owens-1-articleInline.jpg",
          "format": "Normal",
          "height": 127,
          "width": 190,
          "type": "image",
          "subtype": "photo",
          "caption": "Rick Owens, spring 2021",
          "copyright": "Valerio Mezzanotti for The New York Times"
        }
      ],
      "short_url": "https://nyti.ms/36vcQ39"
    },
    {
      "section": "style",
      "subsection": "",
      "title": "Four Takeaways from Rihanna\u2019s New Lingerie Spectacle",
      "abstract": "Savage x Fenty is back for another body-positive bash \u2014\u00a0now with men\u2019s underwear and a meditation on sexuality.",
      "url": "https://www.nytimes.com/2020/10/02/style/rihanna-fenty-show-amazon.html",
      "uri": "nyt://article/c2dc232d-0cf2-5402-8c02-865c60a5536d",
      "byline": "By Jessica Testa",
      "item_type": "Article",
      "updated_date": "2020-10-02T18:38:48-04:00",
      "created_date": "2020-10-02T05:00:43-04:00",
      "published_date": "2020-10-02T05:00:43-04:00",
      "material_type_facet": "",
      "kicker": "",
      "des_facet": [
        "Lingerie and Underwear",
        "Fashion and Apparel",
        "Pop and Rock Music",
        "Quarantine (Life and Culture)",
        "your-feed-fashion",
        "Models (Professional)"
      ],
      "org_facet": [
        "Savage x Fenty (Fashion Label)"
      ],
      "per_facet": [
        "Rihanna"
      ],
      "geo_facet": [],
      "multimedia": [
        {
          "url": "https://static01.nyt.com/images/2020/10/04/fashion/02RIHANNA-SHOW-rihanna/02RIHANNA-SHOW-rihanna-superJumbo.jpg",
          "format": "superJumbo",
          "height": 2048,
          "width": 1367,
          "type": "image",
          "subtype": "photo",
          "caption": "Rihanna takes the stage at her Savage x Fenty show.",
          "copyright": "Kevin Mazur/Getty Images for Savage X Fenty"
        },
        {
          "url": "https://static01.nyt.com/images/2020/10/04/fashion/02RIHANNA-SHOW-rihanna/02RIHANNA-SHOW-rihanna-thumbStandard.jpg",
          "format": "Standard Thumbnail",
          "height": 75,
          "width": 75,
          "type": "image",
          "subtype": "photo",
          "caption": "Rihanna takes the stage at her Savage x Fenty show.",
          "copyright": "Kevin Mazur/Getty Images for Savage X Fenty"
        },
        {
          "url": "https://static01.nyt.com/images/2020/10/04/fashion/02RIHANNA-SHOW-rihanna/02RIHANNA-SHOW-rihanna-thumbLarge.jpg",
          "format": "thumbLarge",
          "height": 150,
          "width": 150,
          "type": "image",
          "subtype": "photo",
          "caption": "Rihanna takes the stage at her Savage x Fenty show.",
          "copyright": "Kevin Mazur/Getty Images for Savage X Fenty"
        },
        {
          "url": "https://static01.nyt.com/images/2020/10/04/fashion/02RIHANNA-SHOW-rihanna/02RIHANNA-SHOW-rihanna-mediumThreeByTwo210.jpg",
          "format": "mediumThreeByTwo210",
          "height": 140,
          "width": 210,
          "type": "image",
          "subtype": "photo",
          "caption": "Rihanna takes the stage at her Savage x Fenty show.",
          "copyright": "Kevin Mazur/Getty Images for Savage X Fenty"
        },
        {
          "url": "https://static01.nyt.com/images/2020/10/04/fashion/02RIHANNA-SHOW-rihanna/02RIHANNA-SHOW-rihanna-articleInline.jpg",
          "format": "Normal",
          "height": 285,
          "width": 190,
          "type": "image",
          "subtype": "photo",
          "caption": "Rihanna takes the stage at her Savage x Fenty show.",
          "copyright": "Kevin Mazur/Getty Images for Savage X Fenty"
        }
      ],
      "short_url": "https://nyti.ms/3jnCUkz"
    },
    {
      "section": "fashion",
      "subsection": "",
      "title": "Fungus May Be Fall\u2019s Hottest Fashion Trend",
      "abstract": "A surprising group of fashion rivals including Stella McCartney and Lululemon are joining forces to back Mylo, a new mushroom leather.",
      "url": "https://www.nytimes.com/2020/10/02/fashion/mylo-mushroom-leather-adidas-stella-mccartney.html",
      "uri": "nyt://article/3471066c-bb42-52e3-a038-3430f849a880",
      "byline": "By Elizabeth Paton",
      "item_type": "Article",
      "updated_date": "2020-10-02T15:02:35-04:00",
      "created_date": "2020-10-02T09:01:31-04:00",
      "published_date": "2020-10-02T09:01:31-04:00",
      "material_type_facet": "",
      "kicker": "",
      "des_facet": [
        "Fashion and Apparel",
        "Textiles",
        "Leather and Leather Goods",
        "Innovation",
        "Fungi",
        "your-feed-fashion"
      ],
      "org_facet": [
        "Bolt Threads Inc",
        "adidas AG",
        "Lululemon Athletica Inc",
        "Kering SA",
        "University of Vienna",
        "Gucci"
      ],
      "per_facet": [
        "McCartney, Stella"
      ],
      "geo_facet": [
        "Europe"
      ],
      "multimedia": [
        {
          "url": "https://static01.nyt.com/images/2020/10/02/fashion/02mylo1/merlin_177845097_0e9f3902-0374-4e30-ab46-4afaaf1f7bc9-superJumbo.jpg",
          "format": "superJumbo",
          "height": 1341,
          "width": 2048,
          "type": "image",
          "subtype": "photo",
          "caption": "Mylo, a material made from mycelium, in natural and black.",
          "copyright": "Bolt Threads"
        },
        {
          "url": "https://static01.nyt.com/images/2020/10/02/fashion/02mylo1/02mylo1-thumbStandard.jpg",
          "format": "Standard Thumbnail",
          "height": 75,
          "width": 75,
          "type": "image",
          "subtype": "photo",
          "caption": "Mylo, a material made from mycelium, in natural and black.",
          "copyright": "Bolt Threads"
        },
        {
          "url": "https://static01.nyt.com/images/2020/10/02/fashion/02mylo1/02mylo1-thumbLarge.jpg",
          "format": "thumbLarge",
          "height": 150,
          "width": 150,
          "type": "image",
          "subtype": "photo",
          "caption": "Mylo, a material made from mycelium, in natural and black.",
          "copyright": "Bolt Threads"
        },
        {
          "url": "https://static01.nyt.com/images/2020/10/02/fashion/02mylo1/02mylo1-mediumThreeByTwo210.jpg",
          "format": "mediumThreeByTwo210",
          "height": 140,
          "width": 210,
          "type": "image",
          "subtype": "photo",
          "caption": "Mylo, a material made from mycelium, in natural and black.",
          "copyright": "Bolt Threads"
        },
        {
          "url": "https://static01.nyt.com/images/2020/10/02/fashion/02mylo1/merlin_177845097_0e9f3902-0374-4e30-ab46-4afaaf1f7bc9-articleInline.jpg",
          "format": "Normal",
          "height": 124,
          "width": 190,
          "type": "image",
          "subtype": "photo",
          "caption": "Mylo, a material made from mycelium, in natural and black.",
          "copyright": "Bolt Threads"
        }
      ],
      "short_url": "https://nyti.ms/3jpOmvZ"
    },
    {
      "section": "style",
      "subsection": "",
      "title": "\u2018Ridicule\u2019: The French Reaction to \u2018Emily in Paris\u2019",
      "abstract": "Darren Star\u2019s latest serial goes down like sour wine with les vrais Parisiennes.",
      "url": "https://www.nytimes.com/2020/10/02/style/Emily-in-Paris.html",
      "uri": "nyt://article/38785d52-b2aa-57bb-868e-957d624e15a4",
      "byline": "By Elaine Sciolino",
      "item_type": "Article",
      "updated_date": "2020-10-02T16:19:46-04:00",
      "created_date": "2020-10-02T05:00:47-04:00",
      "published_date": "2020-10-02T05:00:47-04:00",
      "material_type_facet": "",
      "kicker": "",
      "des_facet": [
        "Television",
        "Emily in Paris (TV Program)",
        "your-feed-fashion"
      ],
      "org_facet": [],
      "per_facet": [],
      "geo_facet": [
        "Paris (France)"
      ],
      "multimedia": [
        {
          "url": "https://static01.nyt.com/images/2020/10/04/fashion/02EMILY-REAX-1/merlin_177734091_61d97ddf-573f-4e1e-80aa-705c2e2fce4c-superJumbo.jpg",
          "format": "superJumbo",
          "height": 1365,
          "width": 2048,
          "type": "image",
          "subtype": "photo",
          "caption": "Lily Collins as Emily, a transplanted young American, in the new Netflix series &ldquo;Emily in Paris.&rdquo;",
          "copyright": "Carole Bethuel/Netflix"
        },
        {
          "url": "https://static01.nyt.com/images/2020/10/04/fashion/02EMILY-REAX-1/02EMILY-REAX-1-thumbStandard.jpg",
          "format": "Standard Thumbnail",
          "height": 75,
          "width": 75,
          "type": "image",
          "subtype": "photo",
          "caption": "Lily Collins as Emily, a transplanted young American, in the new Netflix series &ldquo;Emily in Paris.&rdquo;",
          "copyright": "Carole Bethuel/Netflix"
        },
        {
          "url": "https://static01.nyt.com/images/2020/10/04/fashion/02EMILY-REAX-1/02EMILY-REAX-1-thumbLarge.jpg",
          "format": "thumbLarge",
          "height": 150,
          "width": 150,
          "type": "image",
          "subtype": "photo",
          "caption": "Lily Collins as Emily, a transplanted young American, in the new Netflix series &ldquo;Emily in Paris.&rdquo;",
          "copyright": "Carole Bethuel/Netflix"
        },
        {
          "url": "https://static01.nyt.com/images/2020/10/04/fashion/02EMILY-REAX-1/merlin_177734091_61d97ddf-573f-4e1e-80aa-705c2e2fce4c-mediumThreeByTwo210.jpg",
          "format": "mediumThreeByTwo210",
          "height": 140,
          "width": 210,
          "type": "image",
          "subtype": "photo",
          "caption": "Lily Collins as Emily, a transplanted young American, in the new Netflix series &ldquo;Emily in Paris.&rdquo;",
          "copyright": "Carole Bethuel/Netflix"
        },
        {
          "url": "https://static01.nyt.com/images/2020/10/04/fashion/02EMILY-REAX-1/merlin_177734091_61d97ddf-573f-4e1e-80aa-705c2e2fce4c-articleInline.jpg",
          "format": "Normal",
          "height": 127,
          "width": 190,
          "type": "image",
          "subtype": "photo",
          "caption": "Lily Collins as Emily, a transplanted young American, in the new Netflix series &ldquo;Emily in Paris.&rdquo;",
          "copyright": "Carole Bethuel/Netflix"
        }
      ],
      "short_url": "https://nyti.ms/3cOKrGq"
    },
    {
      "section": "style",
      "subsection": "",
      "title": "The Incredible Whiteness of the Museum Fashion Collection",
      "abstract": "In the small group of high-culture institutions that venerate the art of fashion, Black designers have been largely overlooked.",
      "url": "https://www.nytimes.com/2020/09/29/style/museums-fashion-racism.html",
      "uri": "nyt://article/5a94f16c-8788-57f5-bd50-b72615d7dda0",
      "byline": "By Vanessa Friedman",
      "item_type": "Article",
      "updated_date": "2020-10-01T10:00:30-04:00",
      "created_date": "2020-09-29T18:00:06-04:00",
      "published_date": "2020-09-29T18:00:06-04:00",
      "material_type_facet": "",
      "kicker": "",
      "des_facet": [
        "Fashion and Apparel",
        "Art",
        "Museums",
        "Black People",
        "Race and Ethnicity",
        "Discrimination",
        "Textiles",
        "your-feed-fashion"
      ],
      "org_facet": [
        "Metropolitan Museum of Art",
        "Musee des Arts Decoratifs",
        "Musee Galliera",
        "Victoria and Albert Museum"
      ],
      "per_facet": [],
      "geo_facet": [],
      "multimedia": [
        {
          "url": "https://static01.nyt.com/images/2020/09/29/fashion/29museums-fashion-race-PROMO/29museums-fashion-race-PROMO-superJumbo.jpg",
          "format": "superJumbo",
          "height": 2048,
          "width": 2048,
          "type": "image",
          "subtype": "photo",
          "caption": "",
          "copyright": "Getty Images (portraits), via The Metropolitan Museum of Art (garments)"
        },
        {
          "url": "https://static01.nyt.com/images/2020/09/29/fashion/29museums-fashion-race-PROMO/29museums-fashion-race-PROMO-thumbStandard.jpg",
          "format": "Standard Thumbnail",
          "height": 75,
          "width": 75,
          "type": "image",
          "subtype": "photo",
          "caption": "",
          "copyright": "Getty Images (portraits), via The Metropolitan Museum of Art (garments)"
        },
        {
          "url": "https://static01.nyt.com/images/2020/09/29/fashion/29museums-fashion-race-PROMO/29museums-fashion-race-PROMO-thumbLarge.jpg",
          "format": "thumbLarge",
          "height": 150,
          "width": 150,
          "type": "image",
          "subtype": "photo",
          "caption": "",
          "copyright": "Getty Images (portraits), via The Metropolitan Museum of Art (garments)"
        },
        {
          "url": "https://static01.nyt.com/images/2020/09/29/fashion/29museums-fashion-race-PROMO/29museums-fashion-race-PROMO-mediumThreeByTwo210-v2.jpg",
          "format": "mediumThreeByTwo210",
          "height": 140,
          "width": 210,
          "type": "image",
          "subtype": "photo",
          "caption": "",
          "copyright": "Getty Images (portraits), via The Metropolitan Museum of Art (garments)"
        },
        {
          "url": "https://static01.nyt.com/images/2020/09/29/fashion/29museums-fashion-race-PROMO/29museums-fashion-race-PROMO-articleInline.jpg",
          "format": "Normal",
          "height": 190,
          "width": 190,
          "type": "image",
          "subtype": "photo",
          "caption": "",
          "copyright": "Getty Images (portraits), via The Metropolitan Museum of Art (garments)"
        }
      ],
      "short_url": "https://nyti.ms/33dWcmJ"
    },
    {
      "section": "style",
      "subsection": "",
      "title": "Roland Mouret on How to Create a Vacation Bag for the Summer That Wasn\u2019t",
      "abstract": "As part of our Designer D.I.Y. series, Mr. Mouret shows how to make a denim handbag inspired by a town on the French Riviera.",
      "url": "https://www.nytimes.com/2020/10/01/style/sewing-do-it-yourself-roland-mouret-on-how-to-create-a-vacation-bag.html",
      "uri": "nyt://article/a95128a1-7aea-59f4-9cb6-05e410ea50e9",
      "byline": "By Elizabeth Paton",
      "item_type": "Article",
      "updated_date": "2020-10-01T08:43:12-04:00",
      "created_date": "2020-10-01T05:00:27-04:00",
      "published_date": "2020-10-01T05:00:27-04:00",
      "material_type_facet": "",
      "kicker": "",
      "des_facet": [
        "Sewing",
        "Do It Yourself",
        "Handbags and Purses"
      ],
      "org_facet": [],
      "per_facet": [
        "Mouret, Roland"
      ],
      "geo_facet": [],
      "multimedia": [
        {
          "url": "https://static01.nyt.com/images/2020/10/01/fashion/01DIYDESIGNERS-MOURET-art/01DIYDESIGNERS-MOURET-art-superJumbo-v2.jpg",
          "format": "superJumbo",
          "height": 2048,
          "width": 1483,
          "type": "image",
          "subtype": "photo",
          "caption": "",
          "copyright": ""
        },
        {
          "url": "https://static01.nyt.com/images/2020/10/01/fashion/01DIYDESIGNERS-MOURET-art/01DIYDESIGNERS-MOURET-art-thumbStandard.jpg",
          "format": "Standard Thumbnail",
          "height": 75,
          "width": 75,
          "type": "image",
          "subtype": "photo",
          "caption": "",
          "copyright": ""
        },
        {
          "url": "https://static01.nyt.com/images/2020/10/01/fashion/01DIYDESIGNERS-MOURET-art/01DIYDESIGNERS-MOURET-art-thumbLarge.jpg",
          "format": "thumbLarge",
          "height": 150,
          "width": 150,
          "type": "image",
          "subtype": "photo",
          "caption": "",
          "copyright": ""
        },
        {
          "url": "https://static01.nyt.com/images/2020/10/01/fashion/01DIYDESIGNERS-MOURET-art/01DIYDESIGNERS-MOURET-art-mediumThreeByTwo210.jpg",
          "format": "mediumThreeByTwo210",
          "height": 140,
          "width": 210,
          "type": "image",
          "subtype": "photo",
          "caption": "",
          "copyright": ""
        },
        {
          "url": "https://static01.nyt.com/images/2020/10/01/fashion/01DIYDESIGNERS-MOURET-art/01DIYDESIGNERS-MOURET-art-articleInline-v2.jpg",
          "format": "Normal",
          "height": 263,
          "width": 190,
          "type": "image",
          "subtype": "photo",
          "caption": "",
          "copyright": ""
        }
      ],
      "short_url": "https://nyti.ms/33jz1Y3"
    },
    {
      "section": "style",
      "subsection": "",
      "title": "Isabelle Huppert on the Transformational Power of Shoes",
      "abstract": "Or how the French actress briefly became Catwoman, thanks to some Roger Vivier kitten heels.",
      "url": "https://www.nytimes.com/2020/09/30/style/isabelle-huppert-shoes-roger-vivier.html",
      "uri": "nyt://article/54da375c-f3e8-5cad-a8ca-d63f07f6bdae",
      "byline": "By Jessica Testa",
      "item_type": "Article",
      "updated_date": "2020-10-01T01:14:39-04:00",
      "created_date": "2020-09-30T10:18:00-04:00",
      "published_date": "2020-09-30T10:18:00-04:00",
      "material_type_facet": "",
      "kicker": "",
      "des_facet": [
        "Shoes and Boots",
        "Costumes",
        "Actors and Actresses",
        "Advertising and Marketing",
        "Fashion and Apparel"
      ],
      "org_facet": [
        "Roger Vivier"
      ],
      "per_facet": [
        "Huppert, Isabelle"
      ],
      "geo_facet": [],
      "multimedia": [
        {
          "url": "https://static01.nyt.com/images/2020/10/01/fashion/30huppert-purpleshoes/30huppert-purpleshoes-superJumbo.jpg",
          "format": "superJumbo",
          "height": 1221,
          "width": 1080,
          "type": "image",
          "subtype": "photo",
          "caption": "Isabelle Huppert stars in an interactive film for Roger Vivier.\u00a0",
          "copyright": ""
        },
        {
          "url": "https://static01.nyt.com/images/2020/10/01/fashion/30huppert-purpleshoes/30huppert-purpleshoes-thumbStandard-v2.jpg",
          "format": "Standard Thumbnail",
          "height": 75,
          "width": 75,
          "type": "image",
          "subtype": "photo",
          "caption": "Isabelle Huppert stars in an interactive film for Roger Vivier.\u00a0",
          "copyright": ""
        },
        {
          "url": "https://static01.nyt.com/images/2020/10/01/fashion/30huppert-purpleshoes/30huppert-purpleshoes-thumbLarge-v2.jpg",
          "format": "thumbLarge",
          "height": 150,
          "width": 150,
          "type": "image",
          "subtype": "photo",
          "caption": "Isabelle Huppert stars in an interactive film for Roger Vivier.\u00a0",
          "copyright": ""
        },
        {
          "url": "https://static01.nyt.com/images/2020/10/01/fashion/30huppert-purpleshoes/30huppert-purpleshoes-mediumThreeByTwo210-v2.jpg",
          "format": "mediumThreeByTwo210",
          "height": 140,
          "width": 210,
          "type": "image",
          "subtype": "photo",
          "caption": "Isabelle Huppert stars in an interactive film for Roger Vivier.\u00a0",
          "copyright": ""
        },
        {
          "url": "https://static01.nyt.com/images/2020/10/01/fashion/30huppert-purpleshoes/30huppert-purpleshoes-articleInline.jpg",
          "format": "Normal",
          "height": 215,
          "width": 190,
          "type": "image",
          "subtype": "photo",
          "caption": "Isabelle Huppert stars in an interactive film for Roger Vivier.\u00a0",
          "copyright": ""
        }
      ],
      "short_url": "https://nyti.ms/36lQNvY"
    },
    {
      "section": "fashion",
      "subsection": "",
      "title": "Watch Paris Fashion Week Now",
      "abstract": "Watch along with us.",
      "url": "https://www.nytimes.com/2020/09/28/fashion/watch-paris-fashion-week-now.html",
      "uri": "nyt://article/b8debc0c-4091-5810-b67f-2493d227947f",
      "byline": "",
      "item_type": "Article",
      "updated_date": "2020-10-02T20:10:36-04:00",
      "created_date": "2020-09-28T18:14:02-04:00",
      "published_date": "2020-09-28T18:14:02-04:00",
      "material_type_facet": "",
      "kicker": "",
      "des_facet": [
        "your-feed-fashion",
        "Fashion and Apparel",
        "Paris Fashion Week"
      ],
      "org_facet": [],
      "per_facet": [],
      "geo_facet": [],
      "multimedia": [
        {
          "url": "https://static01.nyt.com/images/2020/10/02/fashion/oakImage-1601322789811-print/oakImage-1601322789811-superJumbo.png",
          "format": "superJumbo",
          "height": 1462,
          "width": 2048,
          "type": "image",
          "subtype": "photo",
          "caption": "",
          "copyright": ""
        },
        {
          "url": "https://static01.nyt.com/images/2020/10/02/fashion/oakImage-1601322789811-print/oakImage-1601322789811-thumbStandard.png",
          "format": "Standard Thumbnail",
          "height": 75,
          "width": 75,
          "type": "image",
          "subtype": "photo",
          "caption": "",
          "copyright": ""
        },
        {
          "url": "https://static01.nyt.com/images/2020/10/02/fashion/oakImage-1601322789811-print/oakImage-1601322789811-thumbLarge.png",
          "format": "thumbLarge",
          "height": 150,
          "width": 150,
          "type": "image",
          "subtype": "photo",
          "caption": "",
          "copyright": ""
        },
        {
          "url": "https://static01.nyt.com/images/2020/10/02/fashion/oakImage-1601322789811-print/oakImage-1601322789811-mediumThreeByTwo210.png",
          "format": "mediumThreeByTwo210",
          "height": 140,
          "width": 210,
          "type": "image",
          "subtype": "photo",
          "caption": "",
          "copyright": ""
        },
        {
          "url": "https://static01.nyt.com/images/2020/10/02/fashion/oakImage-1601322789811-print/oakImage-1601322789811-articleInline.png",
          "format": "Normal",
          "height": 136,
          "width": 190,
          "type": "image",
          "subtype": "photo",
          "caption": "",
          "copyright": ""
        }
      ],
      "short_url": "https://nyti.ms/33crme9"
    },
    {
      "section": "style",
      "subsection": "",
      "title": "Fashion Month Is Happening! Really. Probably? Maybe.",
      "abstract": "Here\u2019s a very opinionated guide for what to watch, where to watch it, where to buy and what the heck is going on.",
      "url": "https://www.nytimes.com/2020/09/08/style/fashion-month-schedule.html",
      "uri": "nyt://article/fb5918e0-028b-5876-bfeb-f27afb6dc40c",
      "byline": "",
      "item_type": "Article",
      "updated_date": "2020-09-23T16:32:02-04:00",
      "created_date": "2020-09-08T11:59:55-04:00",
      "published_date": "2020-09-08T11:59:55-04:00",
      "material_type_facet": "",
      "kicker": "",
      "des_facet": [
        "Fashion and Apparel",
        "Quarantine (Life and Culture)",
        "New York Fashion Week",
        "London Fashion Week",
        "Paris Fashion Week",
        "Milan Fashion Week",
        "your-feed-fashion"
      ],
      "org_facet": [],
      "per_facet": [],
      "geo_facet": [],
      "multimedia": [
        {
          "url": "https://static01.nyt.com/images/2020/09/08/autossell/08fashionguide-2-still/08fashionguide-2-still-superJumbo.jpg",
          "format": "superJumbo",
          "height": 1014,
          "width": 1300,
          "type": "image",
          "subtype": "photo",
          "caption": "",
          "copyright": "Illustration by The New York Times; Shutterstock"
        },
        {
          "url": "https://static01.nyt.com/images/2020/09/08/autossell/08fashionguide-2-still/08fashionguide-2-still-thumbStandard.jpg",
          "format": "Standard Thumbnail",
          "height": 75,
          "width": 75,
          "type": "image",
          "subtype": "photo",
          "caption": "",
          "copyright": "Illustration by The New York Times; Shutterstock"
        },
        {
          "url": "https://static01.nyt.com/images/2020/09/08/autossell/08fashionguide-2-still/08fashionguide-2-still-thumbLarge.jpg",
          "format": "thumbLarge",
          "height": 150,
          "width": 150,
          "type": "image",
          "subtype": "photo",
          "caption": "",
          "copyright": "Illustration by The New York Times; Shutterstock"
        },
        {
          "url": "https://static01.nyt.com/images/2020/09/08/autossell/08fashionguide-2-still/08fashionguide-2-still-mediumThreeByTwo210.jpg",
          "format": "mediumThreeByTwo210",
          "height": 140,
          "width": 210,
          "type": "image",
          "subtype": "photo",
          "caption": "",
          "copyright": "Illustration by The New York Times; Shutterstock"
        },
        {
          "url": "https://static01.nyt.com/images/2020/09/08/autossell/08fashionguide-2-still/08fashionguide-2-still-articleInline.jpg",
          "format": "Normal",
          "height": 148,
          "width": 190,
          "type": "image",
          "subtype": "photo",
          "caption": "",
          "copyright": "Illustration by The New York Times; Shutterstock"
        }
      ],
      "short_url": "https://nyti.ms/2FiDZL2"
    }
  ]
}